language,country_code_2
pashto,af
persian,af
u?zbek,af
albanian,aL
english,al
arabic,dz
french,dz
kabyle,dz
english,as
catalan,ad
english,ad
lingala,ao
portuguese,ao
english,ai
spanish,ai
english,ag
spanish,ag
english,ar
spanish,ar
armenian,am
dutch,aw
spanish,aw
english,au
english,at
german,at
azerbaijani,az
english,bs
spanish,bs
arabic,bh
bangla,bd
chakma,bD
english,bd
english,bb
spanish,bb
be?larusian,by
russian,by
dutch,be
english,be
french,be
german,be
walloon,be
english,bz
spanish,bz
french,bj
yoruba,bj
english,bm
spanish,bm
dzongkha,bt
quechua,bo
spanish,bo
bosnian,ba
croatian,ba
english,ba
serbian,ba
english,bw
tswana,bw
english,br
portuguese,br
spanish,br
english,io
english,vg
spanish,vg
malay,bn
malay,bn
bulgarian,bg
english,bg
french,bf
fulah,bf
english,bi
french,bi
rundi,bi
khmer,kh
aghem,cm
bafia,cm
basaa,cm
duala,cm
english,cm
ewondo,cm
french,cm
fulah,cm
kako,cm  
kwasio,cm
meta,cm
mundang,cm
ngiemboon,cm
ngomba,cm
yangben,cm
english,ca
french,ca
inuktitut,ca
mohawk,ca
spanish,ca
kabuverdianu,cv
portuguese,cv
dutch,bq
spanish,bq
english,ky
spanish,ky
french,cf
lingala,cf
sango,cf
arabic,td
french,td
english,cl
mapuche,cl
spanish,cl
cantonese,cn
chinese,cn
chinese,cn
english,cn
sichuan yi,cn
tibetan,cn
uyghur,cn
english,cx
english,cc
english,co
spanish,co
arabic,km
french,km
french,cg
lingala,cg
french,cd
lingala,cd
luba-katanga,cd
swahili,cd
english,ck
spanish,cr
french,ci
croatian,hr
english,hr
spanish,cu
dutch,cw
spanish,cw
english,cy
greek,cy
turkish,cy
czech,cz
english,cz
danish,dk
english,dk
faroese,dk
arabic,dj
french,dj
somali,dj
english,dm
spanish,dm
spanish,do
quechua,ec
spanish,ec
arabic,eg
spanish,sv
french,gq
portuguese,gq
spanish,gq
arabic,   er
blin,er
english,er
geez,er
tigre,er
tigrinya,er
english,ee
estonian,ee
english,sz
swati,sz
amharic,et
geez,et
oromo,et
somali,et
tigrinya,et
wolaytta,et
english,fk
spanish,fk
faroese,fo
english,fj
english,fi
finnish,fi
inari sami,fi
northern sami,fi
swedish,fi
breton,fr
catalan,fr
corsican,fr
english,fr
french,fr
occitan,fr
portuguese,fr
swiss german,fr
french,gf
spanish,gf
french,pf
french,ga
english,gm
fulah,gm
georgian,ge
ossetic,ge
colognian,de
english,de
german,de
low german,de
lower sorbian,de
upper sorbian,de
akan,gh
english,gh
ewe,gh
fulah,gh
ga,gh
hausa,gh
english,gi
english,gr
greek,gr
danish,gl
kalaallisut,gl
spanish,gl
english,gd
spanish,gd
french,gp
spanish,gp
e!nglish,gu
spanish,gt
fulah,gw
portuguese,gw
french,gn
fulah,gn
kpelle,gn
english,gy
spanish,gy
french,ht
spanish,ht
spanish,hn
can#tonese,hk
chinese,hk
chinese,hk
english,hk
english,hu
hungarian,hu
english,is
icelandic,is
assamese,in
bangla,in
bodo,in
chakma,in
english,in
gujarati,in
hindi,in
kannada,in
kashmiri,in
konkani,in
malayalam,in
manipuri,in
marathi,in
nepali,in
odia,in
punjabi,in
sanskrit,in
santali,in
tamil,in
telugu,in
tibetan,in
urdu,in
english,id
indonesian,id
javanese,id
"kurdish, sorani",ir
mazanderani,ir
northern luri,ir
persian,ir
arabic,iq
"kurdish, sorani",iq
northern luri,iq
syriac,iq
english,ie
irish,ie
english,iM
manx,im
arabic,il
english,il
hebrew,il
catalan,it
english,it
friulian,it
german,it
italian,it
sardinian,it
sicilian,it
english,jm
english,jp
japanese,jp
english,je
arabic,jo
kazakh,kz
russian,kz
embu,ke
english,ke
gusii,ke
kalenjin,ke
kamba,ke
kikuyu,ke
luo,ke
luyia,ke
masai,ke
meru,ke
oromo,ke
samburu,ke
somali,ke
swahili,ke
taita,ke
teso,ke
english,ki
arabic,kw
kyrgyz,kg
russian,kg
lao,la
english,lv
latvian,lv
arabic,lb
english,ls
southern sotho,ls
english,lr
fulah,lr
kpelle,lr
vai,lr
arabic,ly
german,li
swiss german,li
english,lt
lithuanian,lt
english,lu
french,lu
german,lu
luxembourgish,lu
portuguese,lu
chinese,mo
chinese,mo
english,mo
portuguese,mo
english,mg
french,mg
malagasy,mg
english,mw
nyanja,mw
english,my
malay,my
tamil,my
dhivehi,mv
english,mv
bambara,ml
french,ml
koyra chiini,ml
koyraboro senni,ml
english,mt
maltese,mt
english,mh
french,mq
spanish,mq
arabic,mr
french,mr
fulah,mr
english,mu
french,mu
morisyen,mu
f#rench,yt
english,mx
spanish,mx
english,fm
romanian,md
russian,md
french,mc
mongolian,mn
english,me
serbian,me
serbian,me
english,ms
spanish,ms
arabic,ma
french,ma
moroccan tamazight,ma
tachelhit,ma
makhuwa-meetto,mz
portuguese,mz
sena,mz
burmese,mm
english,mm
afrikaans,na
english,na
nama,na
english,nr
nepali,np
dutch,nl
english,nl
low german,nl
western frisian,nl
fre$nch,nc
english,nz
maori,nz
spanish,ni
french,ne
fulah,ne
hausa,ne
tasawaq,ne
zarma,ne
english,ng
fulah,ng
hausa,ng
igbo,ng
jju,ng
tyap,ng
yoruba,ng
english,nu
english,nf
korean,kp
albanian,mk
macedonian,mk
english,mp
english,no
northern sami,no
norwegian nynorsk,no
arabic,om
english,pk
pashto,pk
punjabi,pk
sindhi,pk
urdu,pk
english,pw
spanish,pa
english,pg
guarani,py
spanish,py
quechua,pe
spanish,pe
cebuano,ph
english,ph
filipino,ph
spanish,ph
english,pn
english,pl
polish,pl
english,pt
portuguese,pt
english,pr
spanish,pr
arabic,Qa
french,re
english,ro
romanian,ro
bashkir,ru
chechen,ru
chuvash,ru
engli$sh,ru
erzya,ru
ossetic,ru
russian,ru
sakha,ru
tatar,ru
english,rw
french,rw
kinyarwanda,rw
english,ws
italian,sm
portuguese,st
arabic,sa
english,sa
french,sn
fulah,sn
jola-fonyi,sn
wolof,sn
english,rs
serbian,rs
english,sc
french,sc
english,sl
fulah,sl
chinese,sg
english,sg
malay,sg
tamil,sg
dutch,sx
english,sx
spanish,sx
english,sk
slovak,sk
english,si
slovenian,si
english,sb
arabic,so
somali,so
afrikaans,za
english,za
northern sotho,za
south ndebele,za
southern sotho,za
swati,za
tsonga,za
tswana,za
ve!nda,za
xhosa,za
zulu,za
english,kr
korean,kr
arabic,ss
english,ss
nuer,ss
asturian,es
basque,es
catalan,es
english,es
galician,es
spanish,es
sinhala,lk
tamil,lk
french,bl
spanish,bl
english,sh
english,kn
spanish,kn
english,lc
spanish,lc
french,mf
spanish,mf
french,pm
spanish,pm
english,vc
spanish,vc
ara$bic,sd
english,sd
dutch,sR
spanish,sr
english,se
northern sami,se
swedish,se
english,ch
french,ch
german,ch
italian,ch
portuguese,ch
romansh,ch
swiss german,ch
walser,ch
arabic,sy
french,sy
syriac,sy
chinese,tw
english,tw
taroko,tw
tajik,tj
asu,tz
bena,tz
english,tz
langi,tz
machame,tz
makonde,tz
masai,tz
ro$mbo,tz
rwa,tz
sangu,tz
shambala,tz
swahili,tz
vunjo,tz
english,th
thai,th
portuguese,tl
ewe,tg
french,tg
english,to
tongan,to
english,tt
spanish,  tt
arabic,tn
french,tn
english,tr
kurdish,tr
turkish,tr
turkmen,tm
english,tc
spanish,tc
english,tv
english,vi
spanish,vi
chiga,ug
english,ug
g!anda,ug
nyankole,ug
soga,ug
swahili,ug
teso,ug
english,ua
russian,ua
ukrainian,ua
arabic,ae
english,ae
cornish,gb
english,gb
scottish gaelic,gb
welsh,gb
english,us
spanish,uy
uzbek,uz
uzbek,uz
english,vu
french,vu
italian,va
spanish,ve
vietnamese,vn
french,wF
arabic,ye
bemba,zm
en!glish,zm
english,zw
shona,zw
